id	name.zh-CN	name.en
9203	安徽财经大学	Anhui University of Finance and Economics
3118	安徽大学	Anhui University
8747	安徽工程大学	Anhui Polytechnic University
5529	安徽工业大学	Anhui University of Technology
11400	安徽建筑大学	Anhui Jianzhu University
3119	安徽理工大学	Anhui University of Science and Technology
24809	安徽农业大学	Anhui Agricultural University
15203	安徽三联学院	Anhui Sanlian University
3365	安徽师范大学	Anhui Normal University
4010	安徽新华学院	Anhui Xinhua University
3383	安庆师范大学	Anqing Normal University
3741	安阳工学院	Anyang Institute of Technology
3694	安阳师范学院	Anyang Normal University
2406	澳门大学	University of Macau
8743	蚌埠学院	Bengbu University
26737	北部湾大学	Beibu Gulf University
3187	北方工业大学	North China University of Technology
10424	北方民族大学	North Minzu University
2822	北华大学	Beihua University
8249	北华航天工业学院	North China Institute of Aerospace Engineering
26322	北京城市学院	Beijing City University
1438	北京大学	Peking University
4207	北京电子科技学院	Beijing Electronic Science and Technology Institute
4031	北京工商大学	Beijing Technology and Business University
138	北京工业大学	Beijing University of Technology
7395	北京工业大学耿丹学院	Gengdan Institute of Beijing University of Technology
3120	北京航空航天大学	Beihang University
3122	北京化工大学	Beijing University of Chemical Technology
11814	北京建筑大学	Beijing University of Civil Engineering and Architecture
2978	北京交通大学	Beijing Jiaotong University
8651	北京交通大学（威海）	Beijing Jiaotong University, Weihai
3205	北京科技大学	University of Science and Technology Beijing
25774	北京科技大学天津学院	Tianjin College, University of Science and Technology Beijing
133	北京理工大学	Beijing Institute of Technology
11468	北京理工大学珠海学院	Beijing Institute of Technology, Zhuhai
4244	北京联合大学	Beijing Union University
2980	北京林业大学	Beijing Forestry University
7725	北京农学院	Beijing University of Agriculture
134	北京师范大学	Beijing Normal University
11331	北京师范大学珠海校区	Beijing Normal University at Zhuhai
26477	北京外国语大学	Beijing Foreign Studies University
4746	北京信息科技大学	Beijing Information Science and Technology University
3121	北京印刷学院	Beijing Institute of Graphic Communication
137	北京邮电大学	Beijing University of Posts and Telecommunications
26324	北师香港浸会大学	Beijing Normal-Hong Kong Baptist University
4595	渤海大学	Bohai University
7284	常州大学	Changzhou University
3127	常州工学院	Changzhou Institute of Technology
3128	成都大学	Chengdu University
2964	成都东软学院	Chengdu Neusoft Institute of Information
6760	成都工业学院	Chengdu Technological University
16357	成都锦城学院	Chengdu Jincheng College
6749	成都理工大学	Chengdu University of Technology
6225	成都理工大学工程技术学院	The Engineering and Technical College of Chengdu University of Technology
8692	成都师范学院	Chengdu Normal University
3349	成都信息工程大学	Chengdu University of Information Technology
6222	成都医学院	Chengdu Medical College
10308	池州学院	Chizhou University
4009	赤峰学院	Chifeng University
14471	重庆城市科技学院	Chongqing Metropolitan College of Science and Technology
286	重庆大学	Chongqing University
26313	重庆第二师范学院	Chongqing University of Education
26382	重庆对外经贸学院	Chongqing College of International Business and Economics
14622	重庆工程学院	Chongqing Institute of Engineering
3133	重庆工商大学	Chongqing Technology and Business University
25804	重庆工商大学派斯学院	Pass College of Chongqing Technology and Business University
16028	重庆交通大学	Chongqing Jiaotong University
9253	重庆科技大学	Chongqing University of Science and Technology
22989	重庆理工大学	Chongqing University of Technology
11342	重庆师范大学	Chongqing Normal University
7389	重庆文理学院	Chongqing University of Arts and Sciences
22099	重庆移通学院	Chongqing College of Mobile Communication
3322	重庆邮电大学	Chongqing University of Posts and Telecommunications
10279	滁州学院	Chuzhou University
356	大连大学	Dalian University
25780	大连工程学院	Dalian University of Engineering
2872	大连工业大学	Dalian Polytechnic University
2817	大连海事大学	Dalian Maritime University
4604	大连海洋大学	Dalian Ocean University
2800	大连交通大学	Dalian Jiaotong University
7246	大连科技学院	Dalian Institute of Science and Technology
357	大连理工大学	Dalian University of Technology
11497	大连理工大学盘锦校区	Panjin Campus of Dalian University of Technology
2806	大连民族大学	Dalian Minzu University
14187	大连外国语大学	Dalian University of Foreign Languages
2796	大庆师范学院	Daqing Normal University
1973	电子科技大学	University of Electronic Science and Technology of China
6218	电子科技大学成都学院	Chengdu College of University of Electronic Science and Technology of China
2825	东北大学	Northeastern University
6254	东北大学秦皇岛分校	Northeastern University at Qinhuangdao
9194	东北电力大学	Northeast Electric Power University
2804	东北林业大学	Northeast Forestry University
2795	东北农业大学	Northeast Agricultural University
1351	东北师范大学	Northeast Normal University
4620	东北石油大学	Northeast Petroleum University
26312	东莞城市学院	Dongguan City University
2757	东莞理工学院	Dongguan University of Technology
402	东华大学	Donghua University
9082	东华理工大学	East China University of Technology
7724	防灾科技学院（已更名为应急管理大学）	Institute of Disaster Prevention
2782	佛山大学	Foshan University
3113	福建理工大学	Fujian University of Technology
4053	福建农林大学	Fujian Agriculture and Forestry University
25829	福建商学院	Fujian Business University
575	福建师范大学	Fujian Normal University
14470	福建医科大学	Fujian Medical University
585	福州大学	Fuzhou University
26288	福州工商学院	Fuzhou Technology and Business University
26748	福州外语外贸学院	Fuzhou University of International Studies and Trade
16027	福州职业技术学院	Fuzhou Polytechnic
11348	阜阳师范大学	Fuyang Normal University
574	复旦大学	Fudan University
25776	甘肃农业大学	Gansu Agricultural University
25808	甘肃政法大学	Gansu University of Political Science and Law
25820	赣南科技学院	Gannan University of Science and Technology
21902	赣南师范大学	Gannan Normal University
25799	赣南师范大学科技学院	Science and Technology College Gannan Normal University
13751	赣南医科大学	Gannan Medical University
7330	广东财经大学	Guangdong University of Finance and Economics
11347	广东东软学院	Neusoft Institute Guangdong
624	广东工业大学	Guangdong University of Technology
8235	广东海洋大学	Guangdong Ocean University
2773	广东技术师范大学	Guangdong Polytechnic Normal University
10183	广东金融学院	Guangdong University of Finance
25867	广东科技学院	Guangdong University of Science and Technology
26270	广东理工学院	Guangdong Technology College
26273	广东轻工职业技术大学	Guangdong Industry Polytechnic University
6726	广东石油化工学院	Guangdong University of Petrochemical Technology
2776	广东外语外贸大学	Guangdong University of Foreign Studies
8295	广东药科大学	Guangdong Pharmaceutical University
24380	广东医科大学	Guangdong Medical University
10992	广西财经学院	Guangxi University of Finance and Economics
26305	广西城市职业大学	Guangxi City Vocational University
10268	广西科技大学	Guangxi University of Science and Technology
26355	广西科技师范学院	Guangxi Science and Technology Normal University
26356	广西民族大学相思湖学院	Xiangsihu College of GuangXi Minzu University
9196	广西师范大学	Guangxi Normal University
10988	广西外国语学院	Guangxi University of Foreign Languages
10993	广西职业师范学院	GuangXi Vocational Normal University
13849	广州城市理工学院	Guangzhou City University of Technology
2772	广州大学	Guangzhou University
26617	广州工商学院	Guangzhou College of Technology and Business
26304	广州航海学院	Guangzhou Maritime University
23457	广州华立学院	Guangzhou Huali College
25795	广州华商学院	Guangzhou Huashang College
26302	广州理工学院	Guangzhou Institute of Science and Technology
26604	广州软件学院	Guangzhou University of Software
26262	广州商学院	Guangzhou College of Commerce
10078	广州中医药大学	Guangzhou University of Chinese Medicine
26366	贵阳人文科技学院	Guiyang Institute of Humanities and Technology
10282	贵阳学院	Guiyang University
25897	贵州财经大学	GuiZhou University of Finance and Economics
4593	贵州大学	Guizhou University
8683	贵州工程应用技术学院	Guizhou University of Engineering Science
10094	贵州民族大学	Guizhou Minzu University
10089	贵州商学院	Guizhou University of Commerce
8677	贵州师范大学	Guizhou Normal University
7758	贵州师范学院	Guizhou Education University
10320	贵州职业技术学院	Guizhou Vocational Technology Institute
4382	桂林电子科技大学	Guilin University of Electronic Technology
25843	桂林航天工业学院	Guilin University of Aerospace Technology
8321	桂林理工大学	Guilin University of Technology
25872	桂林理工大学南宁分校	Guilin University of Technology at Nanning
25876	桂林旅游学院	Guilin Tourism University
19860	桂林信息科技学院	Guilin Institute of Information Technology
1315	国防科技大学	National University of Defense Technology
5598	国际关系学院	University of International Relations
2794	哈尔滨工程大学	Harbin Engineering University
639	哈尔滨工业大学	Harbin Institute of Technology
7254	哈尔滨广厦学院	Harbin GuangSha College
2797	哈尔滨华德学院	Harbin Huade University
14574	哈尔滨剑桥学院	Harbin Cambridge University
2798	哈尔滨理工大学	Harbin University of Science and Technology
2823	哈尔滨商业大学	Harbin University of Commerce
2824	哈尔滨师范大学	Harbin Normal University
12792	哈尔滨信息工程学院	Harbin Institute of Information Technology
2903	哈尔滨学院	Harbin University
6720	海南大学	Hainan University
9285	海南热带海洋学院	Hainan Tropical Ocean University
11411	海南师范大学	Hainan Normal University
6731	韩山师范学院	Hanshan Normal University
25794	汉江师范学院	Hanjiang Normal University
25299	汉口学院	Hankou University
2956	杭州电子科技大学	Hangzhou Dianzi University
3491	杭州师范大学	Hangzhou Normal University
3145	合肥大学	Hefei University
646	合肥工业大学	Hefei University of Technology
7331	合肥工业大学宣城校区	Hefei University of Technology Xuancheng Campus‌
4714	合肥师范学院	Hefei Normal University
5582	河北北方学院	Hebei North University
3143	河北大学	Hebei University
14456	河北地质大学	Hebei GEO University
8304	河北工程大学	Hebei University of Engineering
23319	河北工程技术学院	Hebei University of Engineering Science
3144	河北工业大学	Hebei University of Technology
26317	河北金融学院	Hebei Finance University
9772	河北经贸大学	Hebei University of Economics and Business
9205	河北科技大学	Hebei University of Science and Technology
3116	河北师范大学	Hebei Normal University
8763	河池学院	Hechi University
3148	河海大学	Hohai University
7271	河南财经政法大学	Henan University of Economics and Law
10053	河南财政金融学院	Henan Finance University
7267	河南城建学院	Henan University of Urban Construction
3076	河南大学	Henan University
6210	河南工程学院	Henan University of Engineering
26351	河南工学院	Henan Institute of Technology
3690	河南工业大学	Henan University of Technology
3687	河南科技大学	Henan University of Science and Technology
8658	河南科技学院	Henan Institute of Science and Technology
3146	河南理工大学	Henan Polytechnic University
9258	河南牧业经济学院	Henan University of Animal Husbandry and Economy
649	河南农业大学	Henan Agricultural University
3366	河南师范大学	Henan Normal University
15268	河西学院	HeXi University
10273	菏泽学院	Heze University
11079	贺州学院	Hezhou University
6211	黑河学院	Heihe University
2900	黑龙江八一农垦大学	Heilongjiang Bayi Agricultural University
2793	黑龙江大学	Heilongjiang University
8314	黑龙江东方学院	East University of Heilongjiang
2818	黑龙江工程学院	Heilongjiang Institute of Technology
25596	黑龙江工业学院	HeiLongJiang University of Technology
16026	黑龙江外国语学院	Heilongjiang International University
8725	衡水学院	Hengshui University
3147	衡阳师范学院	Hengyang Normal University
4609	呼伦贝尔学院	Hulunbuir University
3153	湖北大学	Hubei University
9909	湖北第二师范学院	Hubei University of Education
10129	湖北工程学院	Hubei Engineering University
10929	湖北工业大学	Hubei University of Technology
14585	湖北工业大学工程技术学院	Hubei University of Technology Engineering and Technology College
3154	湖北经济学院	Hubei University of Economics
26726	湖北科技职业学院	Hubei Science and Technology College
13787	湖北理工学院	Hubei Polytechnic University
5562	湖北民族大学	Hubei Minzu University
26294	湖北汽车工业学院	Hubei University of Automotive Technology
4721	湖北师范大学	Hubei Normal University
11083	湖北中医药大学	Hubei University of Chinese Medicine
26296	湖南财政经济学院	Hunan University of Finance and Economics
3156	湖南城市学院	Hunan City University
680	湖南大学	Hunan University
15927	湖南第一师范学院	Hunan First Normal University
3995	湖南工程学院	Hunan Institute of Engineering
6212	湖南工学院	Hunan Institute of Technology
3163	湖南工业大学	Hunan University of Technology
26300	湖南工业大学科技学院	College of Science and Technology HNUT
11001	湖南警察学院	Hunan Police Academy
4606	湖南科技大学	Hunan University of Science and Technology
3162	湖南科技学院	Hunan University of Science and Engineering
5242	湖南科技职业学院	Hunan Vocational College of Science and Technology
3159	湖南理工学院	Hunan Institute of Science and Technology
3059	湖南农业大学	Hunan Agricultural University
5445	湖南农业大学东方科技学院	Orient Science and Technology College of Hunan Agricultural University
8738	湖南人文科技学院	Hunan University of Humanities, Science and Technology
3160	湖南涉外经济学院	Hunan International Economics University
4046	湖南师范大学	Hunan Normal University
9555	湖南中医药大学	Hunan University of Chinese Medicine
11117	湖州师范大学	Huzhou Normal University
20152	湖州学院	Huzhou College
1346	华北电力大学	North China Electric Power University
26327	华北电力大学（保定）	North China Electric Power University (Baoding)
6054	华北科技学院	North China Institute of Science and Technology
9211	华北理工大学	North China University of Science and Technology
8150	华北水利水电大学	North China University of Water Resources and Electric Power
3111	华东交通大学	East China Jiaotong University
421	华东理工大学	East China University of Science and Technology
3108	华东师范大学	East China Normal University
7230	华东政法大学	East China University of Political Science and Law
1740	华南理工大学	South China University of Technology
1738	华南农业大学	South China Agricultural University
1739	华南师范大学	South China Normal University
2977	华侨大学	Huaqiao University
13852	华中科技大学	Huazhong University of Science and Technology
5385	华中农业大学	Huazhong Agricultural University
240	华中师范大学	Central China Normal University
3149	怀化学院	Huaihua University
3150	淮安大学	Huai'an University
26544	淮北理工学院	Huaibei Institute of Technology
5248	淮北师范大学	Huaibei Normal University
5498	淮阴师范学院	Huaiyin Normal University
11149	黄冈师范学院	Huanggang Normal University
6745	黄淮学院	HuangHuai University
3151	黄山学院	Huangshan University
6735	惠州学院	Huizhou University
2815	吉林财经大学	JiLin University of Finance and Economics
944	吉林大学	Jilin University
5557	吉林工商学院	Jilin Business and Technology College
6764	吉林建筑大学	Jilin Jianzhu University
2807	吉林农业大学	Jilin Agricultural University
2808	吉林师范大学	Jilin Normal University
7339	吉林师范大学博达学院	Boda College of Jilin Normal University
36356	吉林外国语大学	Jilin International Studies University
3171	吉首大学	Jishou University
4064	集美大学	Jimei University
21539	集宁师范学院	Jining Normal University
5436	济南大学	University of Jinan
26227	济宁学院	Jining University
22697	济宁医学院	Jining Medical University
945	暨南大学	Jinan University
2816	佳木斯大学	Jiamusi University
15894	嘉兴大学	Jiaxing University
5791	嘉应学院	Jiaying University
22758	江汉大学	Jianghan University
4130	江南大学	Jiangnan University
3976	江苏大学	Jiangsu University
14048	江苏大学京江学院	Jiangsu University Jingjiang College
3563	江苏第二师范学院	Jiangsu Second Normal University
26272	江苏海洋大学	Jiangsu Ocean University
6772	江苏理工学院	Jiangsu University of Technology
8662	江苏师范大学	Jiangsu Normal University
4073	江西财经大学	Jiangxi University of Finance and Economics
26319	江西服装学院	Jiangxi Institute of Fashion Technology
13718	江西工程学院	Jiangxi University of Engineering
25801	江西工程职业学院	Jiangxi Engineering Vocational College
25797	江西工商职业技术学院	Jiangxi Technology Business Polytechnic
13699	江西警察学院	Jiangxi Police Institute
4039	江西理工大学	Jiangxi University of Science and Technology
7797	江西农业大学	Jiangxi Agricultural University
21869	江西农业大学南昌商学院	Nanchang Business College of Jiangxi Agricultural University
21971	江西软件职业技术大学	Jiangxi University of Software Professional Technology
3167	江西师范大学	Jiangxi Normal University
21903	江西新能源科技职业学院	Jiangxi New Energy Technology Institute
4743	金陵科技学院	Jinling Institute of Technology
26463	荆州学院	Jingzhou University
10934	井冈山大学	Jinggangshan University
22165	景德镇陶瓷大学	Jingdezhen Ceramic University
26329	景德镇艺术职业大学	Jingdezhen Vocational University of Art
10192	九江学院	Jiujiang University
26713	喀什大学	Kashi University
25866	凯里学院	Kaili University
7764	昆明理工大学	Kunming University of Science and Technology
20318	昆山杜克大学	Duke Kunshan University
10113	兰州财经大学	Lanzhou University of Finance and Economics
25868	兰州城市学院	Lanzhou City University
1083	兰州大学	Lanzhou University
3172	兰州交通大学	Lanzhou Jiaotong University
9158	兰州理工大学	Lanzhou University Of Technology
3173	乐山师范学院	Leshan Normal University
3174	丽水学院	Lishui University
1093	辽宁大学	Liaoning University
4600	辽宁工程技术大学	Liaoning Technical University
36376	辽宁工业大学	Liaoning University of Technology
2876	辽宁科技大学	University of Science and Technology Liaoning
2877	辽宁师范大学	Liaoning Normal University
19790	辽宁石油化工大学	LiaoNing Petrochemical University
7365	聊城大学	Liaocheng University
5437	临沂大学	Linyi University
25890	六盘水师范学院	Liupanshui Normal University
24804	龙岩学院	Longyan University
10212	陇东学院	Longdong University
5441	鲁东大学	Ludong University
9262	洛阳理工学院	Luoyang Institute of Science and Technology
3346	洛阳师范学院	Luoyang Normal University
9349	闽江大学	Minjiang University
8294	闽南师范大学	Minnan Normal University
3873	南昌大学	Nanchang University
21968	南昌工学院	Nanchang Institute of Science and Technology
6885	南昌航空大学	Nanchang Hangkong University
13694	南昌交通学院	Nanchang Jiaotong Institute
8726	南昌理工学院	Nanchang Institute of Technology
10725	南昌师范学院	Nanchang Normal University
13693	南昌职业大学	Nanchang Vocational University
7255	南方科技大学	Southern University of Science and Technology
3989	南方医科大学	Southern Medical University
3180	南京财经大学	Nanjing University of Finance and Economics
1268	南京大学	Nanjing University
24807	南京工程学院	Nanjing Institute of Technology
8302	南京工业大学	Nanjing Tech University
26342	南京工业职业技术大学	Nanjing University of Industry Technology
3178	南京航空航天大学	Nanjing University of Aeronautics and Astronautics
3176	南京航空航天大学金城学院	Nanhang Jincheng College
1271	南京理工大学	Nanjing University of Science and Technology
5577	南京理工大学紫金学院	Nanjing University of Science and Technology ZiJin College
3398	南京林业大学	Nanjing Forestry University
8785	南京农业大学	Nanjing Agricultural University
8740	南京审计大学	Nanjing Audit University
7336	南京师范大学	Nanjing Normal University
6869	南京外国语学校	Nanjing Foreign Language School
8264	南京晓庄学院	NanJing XiaoZhuang University
4725	南京信息工程大学	Nanjing University of Information Science and Technology
3181	南京邮电大学	Nanjing University of Posts and Telecommunications
4252	南京邮电大学通达学院	Tongda College of Nanjing University of Posts and Telecommunications
3179	南京中医药大学	Nanjing University of Chinese Medicine
1272	南开大学	Nankai University
3183	南通大学	Nantong University
25931	南通理工学院	Nantong Institute of Technology
14623	南通师范高等专科学校	Nantong Normal College
4728	南阳理工学院	Nanyang Institute of Technology
7226	南阳师范学院	Nanyang Normal University
3184	内江师范学院	Neijiang Normal University
2803	内蒙古大学	Inner Mongolia University
4023	内蒙古电子信息职业技术学院	Inner Mongolia Electronic Information Vocational Technical College
2911	内蒙古工业大学	Inner Mongolia University of Technology
10943	内蒙古科技大学包头师范学院	Baotou Teachers' College
2909	内蒙古农业大学	Inner Mongolia Agricultural University
4610	内蒙古商贸职业学院	Inner Mongolia Business and Trade Vocational College
2826	内蒙古师范大学	Inner Mongolia Normal University
20086	宁波财经学院	Ningbo University of Finance and Economics
3185	宁波城市职业技术学院	Ningbo City College of Vocational Technology
3058	宁波大学	Ningbo University
3368	宁波工程学院	Ningbo University of Technology
14587	宁波国家高新区外国语学校	Ningbo National Hi-Tech Zone Foreign Language School
26744	宁德师范学院	Ningde Normal University
6052	宁夏大学	Ningxia University
9157	宁夏理工学院	Ningxia Institute of Science and Technology
6219	攀枝花学院	Panzhihua University
3742	平顶山学院	Pingdingshan University
22004	萍乡学院	Pingxiang University
9237	莆田学院	Putian University
7422	齐鲁工业大学（山东省科学院）	Qilu University of Technology
25777	齐鲁理工学院	Qilu Institute of Technology
2904	齐齐哈尔大学	Qiqihar University
8682	黔南民族师范学院	Qiannan Normal University for Nationalities
6744	青岛滨海学院	Qingdao Binhai University
25883	青岛城市学院	Qingdao City University
4383	青岛大学	Qingdao University
5786	青岛工学院	Qingdao Institute of Technology
5236	青岛科技大学	Qingdao University of Science and Technology
8720	青岛理工大学	Qingdao University of Technology
5443	青岛农业大学	Qingdao Agricultural University
19761	青岛农业大学海都学院	Haidu College Qingdao Agricultural University
6701	青岛职业技术学院	Qingdao Technical College
9095	青海大学	Qinghai University
2039	清华大学	Tsinghua University
26018	琼台师范学院	Qiongtai Normal University
1514	曲阜师范大学	Qufu Normal University
4584	衢州职业技术学院	Quzhou College of Technology
4603	泉州师范学院	Quanzhou Normal University
15762	泉州信息工程学院	Quanzhou University of Information Engineering
6328	三江学院	Sanjiang University
4616	三明学院	Sanming University
6861	三峡大学	China Three Gorges University
2723	厦门大学	Xiamen University
9256	厦门大学嘉庚学院	Xiamen University Tan Kah Kee College
19527	厦门大学马来西亚分校	Xiamen University Malaysia
4163	厦门理工学院	Xiamen University of Technology
5543	山东财经大学	Shandong University of Finance and Economics
1657	山东大学	Shandong University
11196	山东第一医科大学	Shandong First Medical University
9955	山东工商学院	Shandong Technology and Business University
8647	山东管理学院	Shandong Management University
26299	山东航空学院	Shandong University of Aeronautics
3115	山东建筑大学	Shandong Jianzhu University
8148	山东交通学院	Shandong Jiaotong University
4672	山东科技大学	Shandong University of Science and Technology
4055	山东理工大学	Shandong University of Technology
4684	山东农业大学	Shandong Agricultural University
8652	山东青年政治学院	Shandong Youth University of Political Science
1656	山东师范大学	Shandong Normal University
20482	山东石油化工学院	Shandong Institute of Petroleum and Chemical Technology
16192	山东协和学院	Shandong Xiehe University
9100	山东政法学院	Shandong University of Political Science and Law
14684	山东中医药大学	Shandong University of Traditional Chinese Medicine
6304	山西大学	Shanxi University
26348	山西工程科技职业大学	Shanxi Vocational University of Engineering Science and Technology
26287	山西工商学院	Shanxi Technology and Business University
9226	山西师范大学	Shanxi Normal University
7643	陕西科技大学	Shaanxi University of Science and Technology
8820	陕西理工大学	Shaanxi University of Technology
6751	陕西师范大学	Shaanxi Normal University
1676	汕头大学	Shantou University
7253	商洛学院	Shangluo University
25869	商丘工学院	Shangqiu Institute of Technology
6208	商丘师范学院	Shangqiu Normal University
25873	商丘学院	Shangqiu University
9252	商丘学院应用科技学院	Shangqiu University Applied Science and Technology College
1672	上海大学	Shanghai University
4038	上海第二工业大学	Shanghai Polytechnic University
25778	上海电力大学	Shanghai University of Electric Power
25782	上海对外经贸大学	Shanghai University of International Business and Economics
4171	上海工程技术大学	Shanghai University of Engineering Science
1665	上海海事大学	Shanghai Maritime University
3192	上海海洋大学	Shanghai Ocean University
4007	上海建桥学院	Shanghai Jian Qiao University
1663	上海交通大学	Shanghai Jiao Tong University
7666	上海科技大学	ShanghaiTech University
2509	上海理工大学	University of Shanghai for Science and Technology
26269	上海立信会计金融学院	Shanghai Lixin University of Accounting and Finance
10311	上海纽约大学	New York University Shanghai
26378	上海杉达学院	Shanghai Sanda University
4006	上海商学院	Shanghai Business School
1666	上海师范大学	Shanghai Normal University
10923	上海外国语大学	Shanghai International Studies University
11417	上海应用技术大学	Shanghai Institute of Technology
26293	上海政法学院	Shanghai University of Political Science and Law
13704	上饶师范学院	Shangrao Normal University
2781	韶关学院	Shaoguan University
3194	邵阳学院	Shaoyang University
4030	绍兴大学	Shaoxing University
4576	绍兴理工学院	Shaoxing Institute of Technology
10158	深圳北理莫斯科大学	Shenzhen MSU-BIT University
1679	深圳大学	Shenzhen University
4377	深圳技师学院	Shenzhen Institute of Technology
10908	深圳技术大学	Shenzhen Technology University
26739	深圳职业技术大学	Shenzhen Polytechnic University
8727	沈阳城市学院	Shenyang City University
2878	沈阳大学	Shenyang University
4605	沈阳工程学院	Shenyang Institute of Engineering
2873	沈阳工业大学	Shenyang University of Technology
6770	沈阳航空航天大学	Shenyang Aerospace University
4624	沈阳化工大学	Shenyang University of Chemical Technology
2875	沈阳建筑大学	Shenyang Jianzhu University
3998	沈阳理工大学	Shenyang Ligong University
2814	沈阳农业大学	Shenyang Agricultural University
2802	沈阳师范大学	Shenyang Normal University
6093	石河子大学	Shihezi University
9186	石家庄铁道大学	Shijiazhuang Tiedao University
3123	首都经济贸易大学	Capital University of Economics and Business
3286	首都师范大学	Capital Normal University
26738	顺德职业技术大学	Shunde Polytechnic University
9150	四川城市职业学院	Urban Vocational College of Sichuan
1709	四川大学	Sichuan University
9192	四川大学锦江学院	Sichuan University Jinjiang College
9146	四川工商学院	Sichuan Technology and Business University
8689	四川工业科技学院	Sichuan Institute of Industrial Technology
9149	四川航天职业技术学院	SiChuan Aerospace Vocational College
6227	四川建筑职业技术学院	Sichuan College of Architectural Technology
6351	四川交通职业技术学院	Sichuan Vocational and Technical College of Communications
9152	四川旅游学院	Sichuan Tourism University
8665	四川民族学院	Sichuan Minzu College
3352	四川农业大学	Sichuan Agricultural University
6226	四川轻化工大学	Sichuan University of Science and Engineering
3341	四川师范大学	Sichuan Normal University
6755	四川托普信息技术职业学院	Sichuan TOP IT Vocational Institute
26379	四川现代职业学院	Sichuan Modern Vocational College
11479	四川信息职业技术学院	Sichuan Vocational College of Information Technology
11345	苏州大学	Soochow University
11087	苏州大学应用技术学院	Applied Technology College of Soochow University
3291	苏州工学院	Suzhou University of Technology
3198	苏州科技大学	Suzhou University of Science and Technology
22923	苏州科技大学天平学院	Tianping College of Suzhou University of Science and Technology
14472	苏州市吴江区苏州湾外国语学校	Suzhou International Academy, BFSU
26057	宿迁学院	Suqian University
5308	宿州学院	Suzhou University
10081	塔里木大学	Tarim University
3200	台州学院	Taizhou University (Zhejiang)
3201	台州职业技术学院	Taizhou Vocational and Technical College
8440	太原科技大学	Taiyuan University of Science and Technology
3199	太原理工大学	Taiyuan University of Technology
7788	泰山学院	TaiShan University
14681	泰州学院	Taizhou University (Jiangsu)
26746	唐山师范学院	Tangshan Normal University
14193	唐山学院	Tangshan University
5237	天津财经大学	Tianjin University of Finance and Economics
9556	天津大学	Tianjin University
16059	天津工业大学	Tiangong University
6655	天津科技大学	Tianjin University of Science and Technology
3203	天津理工大学	Tianjin University of Technology
8718	天津农学院	Tianjin Agricultural University
3190	天津仁爱学院	Tianjin Renai College
13752	天津商业大学	Tianjin University of Commerce
5585	天津师范大学	Tianjin Normal University
3204	天津职业技术师范大学	Tianjin University of Technology and Education
2019	同济大学	Tongji University
8719	铜陵学院	Tongling University
9162	铜仁学院	Tongren University
3209	皖西学院	West Anhui University
9092	潍坊科技学院	Weifang University of Science and Technology
22098	潍坊理工学院	Weifang Institute of Technology
5438	潍坊学院	Weifang University
26330	渭南师范学院	Weinan Normal University
3207	温州大学	Wenzhou University
4573	温州科技职业学院	Wenzhou Vocational College of Science and Technology
8596	温州商学院	Wenzhou Business College
3206	温州医科大学	Wenzhou Medical University
20223	无锡学院	Wuxi University
26226	梧州学院	Wuzhou University
2758	五邑大学	Wuyi University (Guangdong)
16125	武昌理工学院	Wuchang University of Technology
10166	武昌首义学院	Wuchang Shouyi University
2714	武汉大学	Wuhan University
11129	武汉东湖学院	Wuhan Donghu University
6857	武汉纺织大学	Wuhan Textile University
8327	武汉工程大学	Wuhan Institute of Technology
6300	武汉科技大学	Wuhan University of Science and Technology
3407	武汉理工大学	Wuhan University of Technology
14122	武汉轻工大学	Wuhan Polytechnic University
6895	武汉软件工程职业学院	Wuhan Vocational College of Software and Engineering
8751	武汉商学院	Wuhan Business University
26035	武汉生物工程学院	Wuhan University of Bioengineering
19826	武汉学院	Wuhan College
2724	西安电子科技大学	Xidian University
26109	西安工程大学	Xi’an Polytechnic University
26341	西安工商学院	Xi'an Technology and Business College
7644	西安工业大学	Xi’an Technological University
6905	西安交通大学城市学院	Xi'an Jiaotong University City College
6752	西安理工大学	Xi'an University of Technology
8103	西安欧亚学院	Xi'an Eurasia University
10888	西安思源学院	Xi'an Siyuan University
4013	西安邮电大学	Xi’an University of Posts and Telecommunications
6756	西北大学	Northwest University
1361	西北工业大学	Northwestern Polytechnical University
9037	西北民族大学	Northwest Minzu University
2885	西北农林科技大学	Northwest A&F University
6295	西北师范大学	Northwest Normal University
10885	西藏民族大学	Xizang Minzu University
20350	西湖大学	Westlake University
2725	西华大学	Xihua University
6224	西华师范大学	China West Normal University
6220	西南财经大学	Southwestern University of Finance and Economics
8661	西南财经大学天府学院	Tianfu College of SWUFE
5578	西南大学	Southwest University
1762	西南交通大学	Southwest Jiaotong University
11481	西南交通大学希望学院	Southwest Jiaotong University Hope College
3197	西南科技大学	Southwest University of Science and Technology
3043	西南民族大学	Southwest Minzu University
2979	西南石油大学	SouthWest Petroleum University
308	香港城市大学	City University of Hong Kong
26100	香港城市大学（东莞）	City University of Hong Kong (Dongguan)
667	香港浸会大学	Hong Kong Baptist University
24540	香港科技大学（广州）	The Hong Kong University of Science and Technology (Guangzhou)
1942	香港中文大学	The Chinese University of Hong Kong
10679	香港中文大学（深圳）	The Chinese University of Hong Kong, Shenzhen
3210	湘南学院	Xiangnan University
3051	湘潭大学	Xiangtan University
6214	湘潭大学兴湘学院	Xingxiang College of Xiangtan University
26374	新疆财经大学	Xinjiang University of Finance and Economics
6191	新疆大学	Xinjiang University
11458	新疆工程学院	Xinjiang Institute of Engineering
11429	新疆理工学院	Xinjiang Institute of Technology
9172	新疆师范大学	Xinjiang Normal University
26594	新疆政法学院	Xinjiang University of Political Science and Law
25878	新乡工程学院	Xinxiang Institute of Engineering
8599	新乡学院	Xinxiang University
21867	新余学院	Xinyu University
10068	信阳农林学院	Xinyang Agriculture and Forestry University
3688	信阳师范大学	Xinyang Normal University
8680	兴义民族师范学院	Xingyi Normal University For Nationalities
10080	徐州工程学院	Xuzhou University of Technology
15861	徐州医科大学	Xuzhou Medical University
10058	许昌学院	Xuchang University
5218	烟台大学	Yantai University
22693	烟台科技学院	Yantai Institute of Science and Technology
22626	烟台理工学院	Yantai Institute of Technology
8259	烟台南山学院	Yantai Nanshan University
5483	延边大学	Yanbian University
11105	盐城工学院	Yancheng Institute of Technology
11104	盐城师范学院	Yancheng Teachers University
8848	燕京理工学院	Yanching Institute of Technology
2733	燕山大学	Yanshan University
3211	扬州大学	Yangzhou University
26375	伊犁师范大学	YiLi Normal University
8660	宜宾学院	Yibin University
8739	宜春学院	Yichun University
3212	义乌工商职业技术学院	Yiwu Industrial and Commercial College
7994	营口理工学院	YingKou Institute of Technology
13717	豫章师范学院	Yuzhang Normal University
25784	云南财经大学	Yunnan University of Finance and Economics
3213	云南大学	Yunnan University
9884	云南工商学院	Yunnan Technology and Business University
7463	云南民族大学	Yunnan Minzu University
7919	云南师范大学	Yunnan Normal University
3214	枣庄学院	Zaozhuang University
26260	湛江科技学院	Zhanjiang University of Science and Technology
26740	长春财经学院	Changchun University of Finance and Economics
2799	长春大学	Changchun University
3124	长春工程学院	Changchun Institute of Technology
2811	长春工业大学	Changchun University of Technology
2819	长春理工大学	Changchun University of Science and Technology
2809	长春师范大学	Changchun Normal University
20581	长江大学	Yangtze University
7417	长江师范学院	Yangtze Normal University
3126	长沙理工大学	Changsha University of Science and Technology
4710	长沙民政职业技术学院	Changsha Social Work College
3050	长沙学院	Changsha University
25830	昭通学院	Zhaotong University
2768	肇庆学院	Zhaoqing University
23156	浙大城市学院	Hangzhou City University
11412	浙大宁波理工学院	NingboTech University
3223	浙江财经大学	Zhejiang University of Finance and Economics
20349	浙江传媒学院	Communication University of Zhejiang
2751	浙江大学	Zhejiang University
25875	浙江纺织服装职业技术学院	Zhejiang Fashion Institute of Technology
3218	浙江工商大学	Zhejiang Gongshang University
10652	浙江工商大学杭州商学院	Zhejiang Gongshang University Hangzhou College of Commerce
4574	浙江工商职业技术学院	Zhejiang Business Technology Institute
2752	浙江工业大学	Zhejiang University of Technology
4417	浙江工业职业技术学院	Zhejiang Industry Polytechnic College
20151	浙江广厦建设职业技术大学	Zhejiang Guangsha Vocational and Technical University of Construction
3221	浙江海洋大学	Zhejiang Ocean University
5435	浙江海洋大学东海科学技术学院	Zhejiang Ocean University Donghai Science and Technology College
4590	浙江机电职业技术大学	Zhejiang Polytechnic University of Mechanical and Electrical Engineering
11084	浙江金融职业学院	Zhejiang Financial College
8138	浙江经济职业技术学院	Zhejiang Technical Institute of Economics
4522	浙江经贸职业技术学院	Zhejiang Institute of Economics and Trade
4589	浙江警察学院	Zhejiang Police College
4520	浙江警官职业学院	Zhejiang Police Vocational Academy
3039	浙江科技大学	Zhejiang University of Science & Technology
2884	浙江理工大学	Zhejiang Sci-Tech University
10041	浙江商业职业技术学院	Zhejiang Business College
3220	浙江师范大学	Zhejiang Normal University
3222	浙江树人学院	Zhejiang Shuren University
7229	浙江水利水电学院	Zhejiang University of Water Resources and Electric Power
5789	浙江同济科技职业学院	Zhejiang Tongji Vocational College of Science and Technology
5431	浙江外国语学院	Zhejiang International Studies University
3227	浙江万里学院	Zhejiang Wanli University
5788	浙江邮电职业技术学院	Zhejiang Post And Telecommunication College
3229	浙江育英职业技术学院	Zhejiang Yuying College of Vocational Technology
3215	浙江中医药大学	Zhejiang Chinese Medical University
3230	郑州大学	Zhengzhou University
9163	郑州工商学院	Zhengzhou Technology and Business University
22595	郑州工业应用技术学院	Zhengzhou University of Industrial Technology
3686	郑州航空工业管理学院	Zhengzhou University of Aeronautics
6204	郑州经贸学院	Zhengzhou University of Economics and Business
9271	郑州科技学院	Zhengzhou University of Science and Technology
4060	郑州轻工业大学	Zhengzhou University of Light Industry
10063	郑州商学院	Zhengzhou Business University
25865	郑州升达经贸管理学院	Zhengzhou Shengda University
6747	郑州师范学院	Zhengzhou Normal University
3188	中北大学	North University of China
2910	中国传媒大学	Communication University Of China
3130	中国地质大学（北京）	China University of Geosciences, Beijing
280	中国地质大学（武汉）	China University of Geosciences
1377	中国海洋大学	Ocean University Of China
3129	中国计量大学	China Jiliang University
7233	中国计量大学现代科技学院	China Jiliang University College of Modern Science and Technology
2505	中国科学技术大学	University of Science and Technology of China
7377	中国科学院大学	University of Chinese Academy of Sciences
3131	中国矿业大学	China University of Mining and Technology
3132	中国矿业大学（北京）	China University of Mining and Technology, Beijing
3064	中国矿业大学徐海学院	Xuhai College, China University of Mining and Technology
3057	中国民航大学	Civil Aviation University of China
6221	中国民用航空飞行学院	Civil Aviation Flight University of China
3326	中国农业大学	China Agricultural University
1528	中国人民大学	Renmin University of China
9096	中国人民解放军海军航空大学	Naval Aeronautical University
22296	中国人民解放军空军工程大学	Air Force Engineering University
26339	中国人民武装警察部队工程大学	Engineering University of PAP
7747	中国石油大学（北京）	China University of Petroleum, Beijing
11475	中国石油大学（北京）克拉玛依校区	China University of Petroleum-Beijing at Karamay
245	中南大学	Central South University
3109	中南林业科技大学	Central South University of Forestry and Technology
4271	中南民族大学	South-Central Minzu University
5856	中央财经大学	Central University of Finance and Economics
8243	中央民族大学	Minzu University of China
4128	中原工学院	Zhongyuan University Of Technology
4602	仲恺农业工程学院	Zhongkai University of Agriculture and Engineering
8655	周口师范学院	Zhoukou Normal University
2791	珠海城市职业技术学院	Zhuhai City Polytechnic
24476	珠海科技学院	Zhuhai College of Science and Technology
G10	杭州百腾教育科技有限公司	Hangzhou PAT Education Technology Co., Ltd.
G11	阿坝师范学院	""
G12	安徽电气工程职业技术学院	""
G13	安徽交通职业技术学院	""
G14	安徽科技工程大学	""
G15	安徽信息工程学院	""
G16	安徽医科大学	""
G17	安徽艺术学院	""
G18	安徽职业技术大学	""
G19	安徽中医药大学	""
G20	安康学院	""
G21	安庆职业技术学院	""
G22	鞍山师范学院	""
G23	白城师范学院	""
G24	蚌埠医科大学	""
G25	宝鸡文理学院	""
G26	保定学院	""
G27	保定职业技术学院	""
G28	北海艺术设计学院	""
G29	北京第二外国语学院	""
G30	北京电影学院	""
G31	北京服装学院	""
G32	北京工业职业技术学院	""
G33	北京航空航天大学北海学院	""
G34	北京交通职业技术学院	""
G35	北京金融科技学院	""
G36	北京京北职业技术学院	""
G37	北京警察学院	""
G38	北京科技职业学院	""
G39	北京青年政治学院	""
G40	北京石油化工学院	""
G41	北京体育大学	""
G42	北京网络职业学院	""
G43	北京舞蹈学院	""
G44	北京物资学院	""
G45	北京协和医学院	""
G46	北京信息职业技术学院	""
G47	北京邮电大学世纪学院	""
G48	北京语言大学	""
G49	北京中医药大学	""
G50	亳州学院	""
G51	沧州师范学院	""
G52	常州纺织服装职业技术学院	""
G53	巢湖学院	""
G54	朝阳师范学院	""
G55	成都工业职业技术学院	""
G56	成都航空职业技术大学	""
G57	成都体育学院	""
G58	成都中医药大学	""
G59	承德医学院	""
G60	赤峰大学	""
G61	重庆安全技术职业学院	""
G62	重庆城市管理职业大学	""
G63	重庆建筑工程职业学院	""
G64	重庆鲁能巴蜀中学	""
G65	重庆南开中学	""
G66	重庆人文科技学院	""
G67	重庆市第八中学校	""
G68	重庆市育才中学校	""
G69	重庆医科大学	""
G70	重庆中医药学院	""
G71	楚雄师范学院	""
G72	大理大学	""
G73	大连财经学院	""
G74	大连工业大学艺术与信息工程学院	""
G75	大连医科大学	""
G76	大连艺术学院	""
G77	电子科技大学中山学院	""
G78	东北财经大学	""
G79	东莞职业技术学院	""
G80	东南大学	""
G81	对外经济贸易大学	""
G82	鄂尔多斯应用技术学院	""
G83	福建师范大学协和学院	""
G84	福建中医药大学	""
G85	甘肃农业职业技术学院	""
G86	赣东学院	""
G87	广东白云学院	""
G88	广东第二师范学院	""
G89	广东培正学院	""
G90	广东水利电力职业技术学院	""
G91	广东文艺职业学院	""
G92	广西大学	""
G93	广西交通职业技术学院	""
G94	广西民族大学	""
G95	广西民族师范学院	""
G96	广西医科大学	""
G97	广西中医药大学	""
G98	广州华夏职业学院	""
G99	广州美术学院	""
G100	广州南方学院	""
G101	广州铁路职业技术学院	""
G102	广州医科大学	""
G103	贵州医科大学	""
G104	桂林医科大学	""
G105	哈尔滨工业大学（深圳）	""
G106	哈尔滨工业大学（威海）	""
G107	哈尔滨建筑科技职业大学	""
G108	哈尔滨体育学院	""
G109	哈尔滨医科大学	""
G110	海南经贸职业大学	""
G111	海南医科大学	""
G112	邯郸学院	""
G113	杭州电子科技大学信息工程学院	""
G114	杭州科技职业技术学院	""
G115	杭州学军中学	""
G116	杭州医学院	""
G117	河北传媒学院	""
G118	河北环境工程学院	""
G119	河北建筑工程学院	""
G120	河北科技师范学院	""
G121	河北美术学院	""
G122	河北民族师范学院	""
G123	河北农业大学	""
G124	河北水利电力学院	""
G125	河北体育学院	""
G126	河北医科大学	""
G127	河南警察学院	""
G128	河南省实验中学	""
G129	河南师范大学附属中学	""
G130	河南医药大学	""
G131	河南职业技术学院	""
G132	河南中医药大学	""
G133	河套学院	""
G134	黑龙江科技大学	""
G135	黑龙江中医药大学	""
G136	红河学院	""
G137	湖北科技学院	""
G138	湖北美术学院	""
G139	湖北文理学院	""
G140	湖南工商大学	""
G141	湖南理工大学	""
G142	湖南女子学院	""
G143	华东师范大学第二附属中学	""
G144	华东师范大学第二附属中学闵行紫竹分校	""
G145	淮南联合大学	""
G146	淮南师范学院	""
G147	黄河交通学院	""
G148	吉利学院	""
G149	吉林工程技术师范学院	""
G150	吉林化工大学	""
G151	吉林建筑科技学院	""
G152	吉林体育学院	""
G153	吉林艺术学院	""
G154	济南振声学校	""
G155	嘉兴南湖学院	""
G156	江苏城市职业学院	""
G157	江苏海事职业技术学院	""
G158	江苏科技大学	""
G159	江苏农林职业技术学院	""
G160	江西工业工程职业技术学院	""
G161	江西科技师范大学	""
G162	江西科技学院	""
G163	江西理工大学南昌校区	""
G164	江西水利电力大学	""
G165	江西现代职业技术学院	""
G166	江西应用科技学院	""
G167	江西中医药大学	""
G168	焦作市第一中学	""
G169	金华职业技术大学	""
G170	锦州医科大学	""
G171	晋中学院	""
G172	荆州理工职业学院	""
G173	开封大学	""
G174	昆明学院	""
G175	昆明冶金职业大学	""
G176	兰州工业学院	""
G177	兰州文理学院	""
G178	兰州职业技术学院	""
G179	兰州资源环境职业技术大学	""
G180	廊坊师范学院	""
G181	辽东学院	""
G182	辽宁科技学院	""
G183	辽宁理工学院	""
G184	辽宁师范大学海华学院	""
G185	辽宁中医药大学	""
G186	辽宁装备制造职业技术学院	""
G187	柳州工学院	""
G188	吕梁学院	""
G189	绵阳师范学院	""
G190	民政职业大学	""
G191	牡丹江大学	""
G192	牡丹江师范学院	""
G193	牡丹江医科大学	""
G194	南昌医学院	""
G195	南华大学	""
G196	南京大学苏州校区	""
G197	南京体育学院	""
G198	南京医科大学	""
G199	南京艺术学院	""
G200	南宁师范大学	""
G201	南通职业大学	""
G202	内蒙古财经大学	""
G203	内蒙古化工职业学院	""
G204	内蒙古科技大学	""
G205	内蒙古民族大学	""
G206	内蒙古医科大学	""
G207	内蒙古艺术学院	""
G208	宁波诺丁汉大学	""
G209	宁波市镇海中学	""
G210	宁波职业技术大学	""
G211	宁夏师范大学	""
G212	宁夏医科大学	""
G213	齐鲁师范学院	""
G214	齐齐哈尔工程学院	""
G215	青岛恒星科技学院	""
G216	青岛黄海学院	""
G217	青岛市城阳第一高级中学	""
G218	青海民族大学	""
G219	青海师范大学	""
G220	曲靖师范学院	""
G221	衢州学院	""
G222	厦门工学院	""
G223	山东财经大学燕山学院	""
G224	山东大学（威海）	""
G225	山东大学附属中学	""
G226	山东第二医科大学	""
G227	山东女子学院	""
G228	山东省垦利第一中学	""
G229	山东省平邑第一中学	""
G230	山东省青岛第二中学	""
G231	山东省实验中学	""
G232	山东省烟台第二中学	""
G233	山东外国语职业技术大学	""
G234	山东外事职业大学	""
G235	山东医药大学	""
G236	山西财经大学	""
G237	山西大同大学	""
G238	山西工程技术学院	""
G239	山西旅游职业学院	""
G240	山西能源学院	""
G241	山西农业大学	""
G242	山西医科大学	""
G243	山西中医药大学	""
G244	陕西学前师范学院	""
G245	陕西中医药大学	""
G246	汕尾职业技术学院	""
G247	上海财经大学	""
G248	上海城建职业学院	""
G249	上海出版印刷高等专科学校	""
G250	上海电机学院	""
G251	上海东海职业技术学院	""
G252	上海海关学院	""
G253	上海健康医学院	""
G254	上海民航职业技术学院	""
G255	上海市曹杨第二中学	""
G256	上海市向明中学	""
G257	上海体育大学	""
G258	上海戏剧学院	""
G259	上海现代化工职业学院	""
G260	上海音乐学院	""
G261	上海中侨职业技术大学	""
G262	上海中医药大学	""
G263	绍兴职业技术学院	""
G264	深圳理工大学	""
G265	深圳信息职业技术大学	""
G266	沈阳工学院	""
G267	沈阳体育学院	""
G268	沈阳药科大学	""
G269	沈阳医学院	""
G270	沈阳音乐学院	""
G271	石家庄学院	""
G272	首都师范大学科德学院	""
G273	首都体育学院	""
G274	首都医科大学	""
G275	首钢工学院	""
G276	寿光现代中学	""
G277	四川传媒学院	""
G278	四川电力职业技术学院	""
G279	四川警察学院	""
G280	四川美术学院	""
G281	四川外国语大学	""
G282	苏州工业职业技术学院	""
G283	苏州农业职业技术学院	""
G284	苏州职业技术大学	""
G285	太原工业学院	""
G286	太原师范学院	""
G287	太原学院	""
G288	泰山护理职业学院	""
G289	天津城建大学	""
G290	天津美术学院	""
G291	天津体育学院	""
G292	天津外国语大学	""
G293	天津医科大学	""
G294	天津音乐学院	""
G295	天津职业大学	""
G296	天津中医药大学	""
G297	天水师范大学	""
G298	通化师范学院	""
G299	外交学院	""
G300	潍坊职业学院	""
G301	温州肯恩大学	""
G302	温州理工学院	""
G303	无锡科技职业学院	""
G304	无锡太湖学院	""
G305	芜湖学院	""
G306	武昌工学院	""
G307	武汉纺织大学外经贸学院	""
G308	武汉工商学院	""
G309	武汉商贸职业学院	""
G310	武汉体育学院	""
G311	武夷学院	""
G312	西安财经大学	""
G313	西安财经大学行知学院	""
G314	西安航空学院	""
G315	西安建筑科技大学	""
G316	西安交通大学	""
G317	西安科技大学	""
G318	西安美术学院	""
G319	西安明德理工学院	""
G320	西安石油大学	""
G321	西安外国语大学	""
G322	西安文理学院	""
G323	西安医学院	""
G324	西安职业技术学院	""
G325	西北政法大学	""
G326	西藏大学	""
G327	西京学院	""
G328	西南大学附属中学校	""
G329	西南林业大学	""
G330	西南医科大学	""
G331	西南政法大学	""
G332	咸阳师范学院	""
G333	香港大学	""
G334	香港科技大学	""
G335	香港理工大学	""
G336	忻州师范学院	""
G337	新疆第二医学院	""
G338	新疆农业职业技术大学	""
G339	新疆艺术学院	""
G340	信息工程大学	""
G341	星海音乐学院	""
G342	邢台学院	""
G343	延安大学	""
G344	延安大学西安创新学院	""
G345	扬州工业职业技术学院	""
G346	扬州职业技术大学	""
G347	阳光学院	""
G348	仰恩大学	""
G349	应急管理大学	""
G350	榆林大学	""
G351	玉林师范学院	""
G352	玉溪师范学院	""
G353	豫北医学院	""
G354	岳阳学院	""
G355	云南农业大学	""
G356	云南艺术学院	""
G357	云南中医药大学	""
G358	运城学院	""
G359	运城职业技术大学	""
G360	张家口学院	""
G361	长安大学	""
G362	长春电子科技学院	""
G363	长春金融高等专科学校	""
G364	长春师范高等专科学校	""
G365	长春中医药大学	""
G366	长沙师范学院	""
G367	长沙市中雅培粹学校	""
G368	长沙职业技术学院	""
G369	长治学院	""
G370	长治医学院	""
G371	肇庆医学院	""
G372	浙江财经大学东方学院	""
G373	浙江工业大学之江学院	""
G374	浙江金华第一中学	""
G375	浙江旅游职业学院	""
G376	浙江农林大学	""
G377	浙江农林大学暨阳学院	""
G378	浙江省杭州第二中学	""
G379	浙江省萧山中学	""
G380	浙江省余姚中学	""
G381	浙江艺术职业学院	""
G382	浙江音乐学院	""
G383	郑州警察学院	""
G384	郑州龙湖一中	""
G385	郑州外国语学校	""
G386	中国劳动关系学院	""
G387	中国美术学院	""
G388	中国青年政治学院	""
G389	中国人民公安大学	""
G390	中国社会科学院大学	""
G391	中国石油大学（华东）	""
G392	中国戏曲学院	""
G393	中国消防救援学院	""
G394	中国药科大学	""
G395	中国医科大学	""
G396	中国音乐学院	""
G397	中国政法大学	""
G398	中华女子学院	""
G399	中南财经政法大学	""
G400	中山大学	""
G401	中央美术学院	""
G402	中央戏剧学院	""
G403	中央音乐学院	""
G404	中原科技学院	""
G405	淄博师范高等专科学校	""
G406	淄博职业技术大学	""
G407	遵义师范学院	""
G408	遵义医科大学	""
